CREATE TABLE Customers(
Customer_id SERIAL PRIMARY KEY,
First_name VARCHAR(50),
Last_name VARCHAR(50),
Email VARCHAR(100) UNIQUE NOT NULL,
Date_created TIMESTAMP DEFAULT CURRENT_TIMESTAMP);

INSERT INTO Customers(First_name, Last_name, Email) VALUES  
('John', 'Bimpe', 'johnbimpe31@gmail.com'),  
('Jane', 'Smith', 'janesmith12@gmail.com'),  
('Michael', 'Johnson', 'michaeljohnson09@gmail.com'),  
('Emily', 'Davis', 'emilydavis33@gmail.com'),  
('Chris', 'Wilson', 'chriswilson@gmail.com'),  
('Jessica', 'Brown', 'jessicabrown@gmail.com'),  
('David', 'White', 'davidwhite@gmail.com'),  
('Sarah', 'Taylor', 'sarahtaylor@gmail.com'),  
('James', 'Anderson', 'jamesanderson@gmail.com'),  
('Laura', 'Thomas', 'laurathomas@gmail.com'),  
('Robert', 'Jackson', 'robertjackson@gmail.com'),  
('Linda', 'Harris', 'lindaharris@gmail.com'),  
('William', 'Martin', 'williammartin@gmail.com'),  
('Elizabeth', 'Thompson', 'elizabeththompson@gmail.com'),  
('Charles', 'Garcia', 'charlesgarcia@gmail.com'),  
('Samantha', 'Martinez', 'samanthamartinez@gmail.com'),  
('Daniel', 'Robinson', 'danielrobinson@gmail.com'),  
('Sophia', 'Clark', 'sophiaclark@gmail.com'),  
('Matthew', 'Rodriguez', 'matthewrodriguez@gmail.com'),  
('Ava', 'Lewis', 'avalewis@gmail.com'),  
('Joseph', 'Lee', 'josephlee@gmail.com'),  
('Olivia', 'Walker', 'oliviawalker@gmail.com'),  
('Jake', 'Hall', 'jakehall@gmail.com'),  
('Mia', 'Allen', 'miaallen@gmail.com'),  
('George', 'Young', 'georgeyoung@gmail.com'),  
('Lily', 'Hernandez', 'lilyhernandez@gmail.com'),  
('Henry', 'King', 'henryking@gmail.com'),  
('Isabella', 'Wright', 'isabellawright@gmail.com'),  
('Samuel', 'Scott', 'samuelscott@gmail.com'),  
('Charlotte', 'Torres', 'charlottetorres@gmail.com'),  
('Andrew', 'Nguyen', 'andrewnguyen@gmail.com'),  
('Ella', 'Hill', 'ellahill@gmail.com'),  
('Ryan', 'Flores', 'ryanflores@gmail.com'),  
('Zoe', 'Green', 'zoegreen@gmail.com'),  
('Nathan', 'Adams', 'nathanadams@gmail.com'),  
('Grace', 'Nelson', 'gracenelson@gmail.com'),  
('Isaac', 'Baker', 'isaacbaker@gmail.com'),  
('Harper', 'Gonzalez', 'harpergonzalez@gmail.com'),  
('Thomas', 'Hall', 'thomashall@gmail.com'),  
('Scarlett', 'Rivera', 'scarlettrivera@gmail.com'),  
('Thomas', 'Wood', 'thomaswood@gmail.com'),  
('Kenneth', 'Cooper', 'kennethcooper@gmail.com'),  
('Victoria', 'Reed', 'victoriareed@gmail.com'),  
('Elijah', 'Bailey', 'elijahbailey@gmail.com'),  
('Avery', 'Bell', 'averybell@gmail.com'),  
('Christopher', 'Murphy', 'christophermurphy@gmail.com'),  
('Nora', 'Brooks', 'norabrooks@gmail.com'),  
('Ethan', 'Price', 'ethanprice@gmail.com'),  
('Chloe', 'Sanders', 'chloesanders@gmail.com'),  
('Aiden', 'Ross', 'aidenross@gmail.com'),  
('Sophie', 'Morris', 'sophiemorris@gmail.com'),  
('Carter', 'Diaz', 'carterdiaz@gmail.com'),  
('Anna', 'Perry', 'annaperry@gmail.com'),  
('Dylan', 'Long', 'dylanlong@gmail.com'),  
('Layla', 'Hughes', 'laylahughes@gmail.com'),  
('Gabriel', 'Price', 'gabrielprice@gmail.com'),  
('Stella', 'Myers', 'stellamyers@gmail.com'),  
('Lucas', 'Foster', 'lucasfoster@gmail.com'),  
('Claire', 'James', 'clairejames@gmail.com'),  
('Levi', 'Russell', 'levirussell@gmail.com'),  
('Leah', 'Watson', 'leahwatson@gmail.com'),  
('Liam', 'Harrison', 'liamharrison@gmail.com'),  
('Madison', 'Burns', 'madisonburns@gmail.com'),  
('Mason', 'Coleman', 'masoncoleman@gmail.com'),  
('Evelyn', 'Sanders', 'evelynsanders@gmail.com'),  
('Julian', 'Reyes', 'julianreyes@gmail.com'),  
('Ellie', 'Fisher', 'elliefisher@gmail.com'),  
('Miles', 'Kim', 'mileskim@gmail.com'),  
('Megan', 'Wade', 'meganwade@gmail.com'),  
('Santiago', 'Cole', 'santiagocole@gmail.com'),  
('Aaliyah', 'Nguyen', 'aaliyahnguyen@gmail.com'),  
('Alexander', 'Bishop', 'alexanderbishop@gmail.com'),  
('Addison', 'Holt', 'addisonholt@gmail.com');

CREATE TABLE Products(
Product_id SERIAL PRIMARY KEY,
Product_name VARCHAR(100),
Price DECIMAL(10,2),
Stock INT CHECK (Stock >=0));

INSERT INTO Products (Product_name, Price, Stock) VALUES 
('Apple AirPods Max', 549.99, 100),  
('Samsung Galaxy Z Flip3', 999.99, 75),  
('Sony WH-1000XM4 Noise Cancelling Headphones', 349.99, 80),  
('Fitbit Versa 3 Smartwatch', 229.99, 150),  
('Apple Watch SE', 279.99, 120),  
('Google Nest Hub (2nd Gen)', 99.99, 200),  
('Amazon Echo Dot (4th Gen)', 49.99, 300),  
('Razer Kraken Gaming Headset', 79.99, 100),  
('Dell UltraSharp U2720Q Monitor', 649.99, 60),  
('Logitech MX Master 3 Mouse', 99.99, 150),  
('Apple Magic Keyboard', 99.99, 200),  
('Samsung Portable SSD T5 (1TB)', 149.99, 100),  
('Anker Wireless Charger', 39.99, 250),  
('Bose SoundLink Flex Bluetooth Speaker', 149.99, 80),  
('Oculus Quest 2 Virtual Reality Headset', 299.99, 100),  
('GoPro HERO10 Black Action Camera', 499.99, 75),  
('DJI Osmo Mobile 3', 99.99, 90),  
('Samsung Galaxy Watch Active2', 249.99, 60),  
('Apple iPad Pro 11-inch', 799.99, 40),  
('Lenovo Yoga Smart Tab', 299.99, 50),  
('Amazon Fire HD 10 Tablet', 149.99, 120),  
('Microsoft Surface Pro 7', 799.99, 70),  
('Raspberry Pi 4 Model B', 55.99, 200),  
('Nintendo Switch OLED', 349.99, 80),  
('Corsair K55 RGB Gaming Keyboard', 59.99, 150),  
('Logitech G915 TKL Gaming Keyboard', 229.99, 60),  
('Samsung Galaxy Buds Live', 169.99, 200),  
('JBL Flip 5 Waterproof Portable Speaker', 119.99, 100),  
('Apple MacBook Air M1', 999.99, 50),  
('Asus ZenBook 13', 699.99, 40),  
('Microsoft Xbox Wireless Controller', 59.99, 150),  
('Razer Viper Ultimate Wireless Gaming Mouse', 149.99, 70),  
('Anker PowerCore 10000 Portable Charger', 29.99, 300),  
('TP-Link Wi-Fi Range Extender', 49.99, 90),  
('Netgear Nighthawk M1 Mobile Hotspot', 149.99, 50),  
('Belkin 3-Outlet Power Strip with USB Ports', 24.99, 200),  
('Dell XPS 13 Laptop', 1249.99, 40),  
('Apple iPhone 13 Pro Max', 1099.99, 35),  
('Samsung Galaxy S21 Ultra', 1199.99, 30),  
('Canon EOS M50 Mark II Mirrorless Camera', 699.99, 70),  
('Nikon D7500 DSLR Camera', 999.99, 50),  
('Sony Alpha a7 III Camera', 1999.99, 25),  
('Western Digital My Passport 4TB External Hard Drive', 109.99, 100),  
('Seagate Backup Plus Slim 2TB', 89.99, 150),  
('HP OfficeJet Pro 9015e All-in-One Printer', 199.99, 60),  
('Epson EcoTank ET-2720 Wireless Printer', 249.99, 70),  
('Brother MFC-L3770CDW Color Laser Printer', 299.99, 50),  
('Razer Firefly V2 RGB Gaming Mousepad', 49.99, 80),  
('SteelSeries QcK Gaming Mouse Pad', 19.99, 200),  
('Apple USB-C to 3.5 mm Headphone Jack Adapter', 9.99, 250),  
('Samsung SmartThings Hub', 99.99, 100),  
('Google Chromecast with Google TV', 49.99, 180),  
('UE Wonderboom 2 Portable Bluetooth Speaker', 99.99, 90),  
('Neewer Portable Photography Studio', 149.99, 60),  
('Anker USB-C Hub with HDMI', 39.99, 150),  
('Sennheiser HD 450BT Wireless Headphones', 199.99, 70),  
('Logitech C920 HD Pro Webcam', 69.99, 200),  
('Ecovacs Deebot Robot Vacuum', 349.99, 40),  
('Philips Hue White and Color Ambiance LED Bulb', 49.99, 150),  
('Logitech G335 Wired Gaming Headset', 59.99, 130);

CREATE TABLE Orders(
Order_id SERIAL PRIMARY KEY,
Customer_id INT,
Order_date TIMESTAMP DEFAULT CURRENT_TIMESTAMP);

INSERT INTO Orders (Customer_id,) VALUES  
(1),(2),(3),(4),(5),(6),(7),(8),(9),(10),(11),(12),(13),(14),(15),(16),(17),(18),(19),(20),(21),(22),(23),(24),(25),(26),(27),(28),(29),(30),(31),(32),(33),(34),(35),(36),(37),(38),(39),(40),(41),(42),(43),(44),(45),(46),(47),(48),(49),(50),(51),(52),(53),(54),(55),(56),(57),(58),(59),(60),(61),(62),(63),(64),(65),(66),(67),(68),(69),(70),(71),(72),(73);  


CREATE TABLE Order_details(
Order_details_id SERIAL PRIMARY KEY,
Order_id INT,
Product_id INT,
Quantity INT CHECK (Quantity > 0));

INSERT INTO Order_details (Order_id, Product_id, Quantity) VALUES 
(1,1,1),
(2,2,2),
(3,3,4),
(1, 1, 2),  
(1, 2, 1),  
(2, 3, 1),  
(3, 4, 2),  
(3, 5, 1),  
(4, 6, 4),  
(5, 7, 2),  
(6, 8, 1),  
(7, 9, 5),  
(8, 10, 1),  
(9, 11, 2),  
(10, 12, 1),  
(11, 13, 1),  
(11, 14, 2),  
(12, 15, 1),  
(12, 16, 3),  
(13, 17, 1),  
(14, 18, 2),  
(15, 19, 1),  
(16, 20, 2),  
(17, 21, 1),  
(17, 22, 1),  
(18, 23, 2),  
(19, 24, 1),  
(20, 25, 1),  
(21, 26, 2),  
(22, 27, 1),  
(22, 28, 1),  
(23, 29, 2),  
(24, 30, 1),  
(25, 31, 1),  
(26, 32, 3),  
(27, 33, 1),  
(28, 34, 2),  
(29, 35, 1),  
(30, 36, 2),  
(31, 37, 1),  
(32, 38, 1),  
(33, 39, 2),  
(34, 40, 2),  
(35, 41, 1),  
(35, 42, 3),  
(36, 43, 1),  
(37, 44, 2),  
(38, 45, 1),  
(39, 46, 2),  
(40, 47, 1),  
(41, 48, 1),  
(42, 49, 2),  
(43, 50, 1),  
(43, 51, 1),  
(44, 52, 2),  
(45, 53, 1),  
(46, 54, 1),  
(47, 55, 2),  
(48, 56, 1),  
(49, 57, 1),  
(50, 58, 3),  
(51, 59, 2),  
(52, 60, 1),  
(53, 61, 1),  
(54, 62, 2),  
(55, 63, 1),  
(56, 64, 1),  
(57, 65, 3),  
(58, 66, 2),  
(59, 67, 1),  
(60, 68, 1),  
(61, 69, 2),  
(62, 70, 1);

CREATE TABLE Payment(
Payment_id SERIAL PRIMARY KEY,
Order_id INT,
Payment_date TIMESTAMP DEFAULT CURRENT_TIMESTAMP,
Amount_paid DECIMAL (10,2),
Payment_method VARCHAR(50));


INSERT INTO Payment (Order_id, Amount_paid, Payment_method) VALUES 
(1, 100000.00, 'Credit Card'),  
(2, 1500000.00, 'PayPal'),  
(3, 13000.00, 'Bank Transfer'),  
(4, 200000.00, 'Credit Card'),  
(5, 50000.00, 'Cash'),  
(6, 1200000.00, 'Bank Transfer'),  
(7, 50000.00, 'Credit Card'),  
(8, 1500000.00, 'Paypal'),  
(9, 60000.00, 'Debit Card'),  
(10, 80000.00, 'Credit Card'),  
(11, 10000.00, 'Cash'),  
(12, 25000.00, 'Credit Card'),  
(13, 9000.00, 'Bank Transfer'),  
(14, 160000.00, 'Debit Card'),  
(15, 50000.50, 'PayPal'),  
(16, 30000.00, 'Credit Card'),  
(17, 75000.00, 'Debit Card'),  
(18, 40000.00, 'Cash'),  
(19, 12000.00, 'Credit Card'),  
(20, 54000.00, 'PayPal'),  
(21, 30000.00, 'Credit Card'),  
(22, 6000.00, 'Bank Transfer'),  
(23, 45000.00, 'Debit Card'),  
(24, 55000.00, 'Credit Card'),  
(25, 20000.00, 'Cash'),  
(26, 6500.00, 'Debit Card'),  
(27, 35000.00, 'PayPal'),  
(28, 199000.00, 'Credit Card'),  
(29, 80000.00, 'Bank Transfer'),  
(30, 150000.00, 'Credit Card'),  
(31, 14500.00, 'PayPal'),  
(32, 75000.00, 'Debit Card'),  
(33, 32000.00, 'Credit Card'),  
(34, 27000.00, 'Bank Transfer'),  
(35, 90000.00, 'Debit Card'),  
(36, 18000.00, 'Credit Card'),  
(37, 70000.00, 'PayPal'),  
(38, 6500.00, 'Cash'),  
(39, 300000.00, 'Credit Card'),  
(40, 10000.00, 'Debit Card'),  
(41, 150000.00, 'PayPal'),  
(42, 22500.00, 'Credit Card'),  
(43, 90000.00, 'Bank Transfer'),  
(44, 110000.00, 'Debit Card'),  
(45, 40000.00, 'PayPal'),  
(46, 36000.00, 'Credit Card'),  
(47, 130000.00, 'Cash'),  
(48, 250000.00, 'Debit Card'),  
(49, 90000.00, 'Credit Card'),  
(50, 70000.00, 'PayPal'),  
(51, 20000.00, 'Bank Transfer'),  
(52, 12500.00, 'Debit Card'),  
(53, 45000.00, 'Credit Card'),  
(54, 30000.00, 'Cash'),  
(55, 175000.00, 'PayPal'),  
(56, 25000.50, 'Credit Card'),  
(57, 30000.00, 'Bank Transfer'),  
(58, 60000.00, 'Debit Card'),  
(59, 20000.00, 'PayPal'),  
(60, 30000.00, 'Credit Card'),  
(61, 150000.00, 'Debit Card'),  
(62, 90000.00, 'Credit Card'),  
(63, 40000.00, 'Cash'),  
(64, 125000.00, 'PayPal'),  
(65, 20000.00, 'Debit Card'),  
(66, 50000.00, 'Credit Card'),  
(67, 50000.00, 'Bank Transfer'),  
(68, 220000.00, 'PayPal'),  
(69, 185000.00, 'Debit Card'),  
(70, 95000.00, 'Credit Card'),
(71, 150000.00, 'Bank Transfer'),
(72, 90000.00, 'Credit Card'),
(73, 125000.00,'Debit Card');